,number cars,average fuel efficiency
AL,,
AT,754102.2010760347,0.2
BA,,
BE,277876.07487607945,0.2
BG,,
CH,979884.9782039039,0.2
CZ,1060193.6429970134,0.2
DE,11304688.496126082,0.2
DK,551774.6747202624,0.2
EE,,
ES,,
FI,,
FR,9387370.07498719,0.2
GB,6744290.540263669,0.2
GR,,
HR,,
HU,,
IE,,
IT,,
LT,,
LU,72044.53081027135,0.2
LV,,
ME,,
MK,,
NL,1662490.8316528385,0.2
NO,541753.937740071,0.2
PL,1365250.4455196415,0.2
PT,,
RO,,
RS,,
SE,,
SI,,
SK,,
